date,asin,category
21-02-25,B08W8DGK3X,rtx3060
21-02-27,B08W8DGK3X,rtx3060
21-02-27,B08W8DGK3X,rtx3060
21-02-27,B08W8DGK3X,rtx3060
21-02-27,B08W8DGK3X,rtx3060
21-02-27,B08W8DGK3X,rtx3060
21-02-27,B08W8DGK3X,rtx3060
21-02-27,B08W8DGK3X,rtx3060
21-02-27,B08W8DGK3X,rtx3060
21-02-27,B08W8DGK3X,rtx3060
21-02-27,B08W8DGK3X,rtx3060
21-02-27,B08W8DGK3X,rtx3060
21-02-27,B08W8DGK3X,rtx3060
21-02-28,B08W8DGK3X,rtx3060
21-02-28,B08W8DGK3X,rtx3060
21-03-01,B08WT47L8B,rtx3060
21-03-01,B08WT47L8B,rtx3060
21-03-01,B08WT47L8B,rtx3060
21-03-01,B08WPJ5P4R,rtx3060
21-03-01,B08WPJ5P4R,rtx3060
21-03-01,B08WGTL4CW,rtx3060
21-03-01,B08WGTL4CW,rtx3060
21-03-02,B08WT47L8B,rtx3060
21-03-03,B08X4V8N5Q,rtx3060
21-03-03,B08WGTL4CW,rtx3060
21-03-03,B08X4V8N5Q,rtx3060
21-03-04,B08WGTL4CW,rtx3060
21-03-04,B08WM28PVH,rtx3060
21-03-04,B08WM28PVH,rtx3060
21-03-04,B08WHJPBFX,rtx3060
21-03-04,B08WM28PVH,rtx3060
21-03-04,B08WM28PVH,rtx3060
21-03-05,B08WHJPBFX,rtx3060
21-03-05,B08WHJPBFX,rtx3060
21-03-05,B08WT47L8B,rtx3060
21-03-05,B08X4V8N5Q,rtx3060
21-03-05,B08X4V8N5Q,rtx3060
21-03-05,B08WGTL4CW,rtx3060
21-03-05,B08WGTL4CW,rtx3060
21-03-05,B08WGTL4CW,rtx3060
21-03-05,B08WGTL4CW,rtx3060
21-03-05,B08WHJPBFX,rtx3060
21-03-05,B08WHJPBFX,rtx3060
21-03-05,B08WGTL4CW,rtx3060
21-03-05,B08WGTL4CW,rtx3060
21-03-05,B08WHJPBFX,rtx3060
21-03-05,B08WHJPBFX,rtx3060
21-03-05,B08WGTL4CW,rtx3060
21-03-06,B08WHJPBFX,rtx3060
21-03-06,B08X4V8N5Q,rtx3060
21-03-06,B08WHJPBFX,rtx3060
21-03-06,B08WHJPBFX,rtx3060
21-03-06,B08WHJPBFX,rtx3060
21-03-07,B08WPRMVWB,rtx3060
21-03-07,B08WHJPBFX,rtx3060
21-03-07,B08WHJPBFX,rtx3060
21-03-07,B08WHJPBFX,rtx3060
21-03-07,B08WHJPBFX,rtx3060
21-03-07,B08WGTL4CW,rtx3060
21-03-08,B08WHJPBFX,rtx3060
21-03-08,B08WGTL4CW,rtx3060
21-03-08,B08WGTL4CW,rtx3060
21-03-08,B08WHJPBFX,rtx3060
21-03-09,B08WHJPBFX,rtx3060
21-03-10,B08W8DGK3X,rtx3060
21-03-10,B08W8DGK3X,rtx3060
21-03-11,B08WHJPBFX,rtx3060
21-03-11,B08WHJPBFX,rtx3060
21-03-11,B08W8DGK3X,rtx3060
21-03-11,B08WPJ5P4R,rtx3060
21-03-12,B08WHJPBFX,rtx3060
21-03-12,B08WHJPBFX,rtx3060
21-03-12,B08X4V8N5Q,rtx3060
21-03-12,B08W8DGK3X,rtx3060
21-03-13,B08WHJPBFX,rtx3060
21-03-13,B08WHJPBFX,rtx3060
21-03-13,B08WHJPBFX,rtx3060
21-03-13,B08WHJPBFX,rtx3060
21-03-14,B08WT47L8B,rtx3060
21-03-14,B08WT47L8B,rtx3060
21-03-14,B08WPJ5P4R,rtx3060
21-03-14,B08WPJ5P4R,rtx3060
21-03-16,B08X4V8N5Q,rtx3060
21-03-16,B08X4V8N5Q,rtx3060
21-03-16,B08X4V8N5Q,rtx3060
21-03-17,B08WT47L8B,rtx3060
21-03-17,B08WT47L8B,rtx3060
21-03-18,B08WM28PVH,rtx3060
21-03-18,B08WM28PVH,rtx3060
21-03-21,B08WM28PVH,rtx3060
21-03-21,B08WT47L8B,rtx3060
21-03-21,B08WPJ5P4R,rtx3060
21-03-22,B08WM28PVH,rtx3060
21-03-22,B08WM28PVH,rtx3060
21-03-22,B08WM28PVH,rtx3060
21-03-22,B08WM28PVH,rtx3060
21-03-23,B08WM28PVH,rtx3060
21-03-23,B08WM28PVH,rtx3060
21-03-23,B08X4V8N5Q,rtx3060
21-03-23,B08WPJ5P4R,rtx3060
21-03-24,B08WM28PVH,rtx3060
21-03-26,B08WGTL4CW,rtx3060
21-03-26,B08WGTL4CW,rtx3060
21-03-26,B08WGTL4CW,rtx3060
21-03-27,B08WGTL4CW,rtx3060
21-03-28,B08WPJ5P4R,rtx3060
21-03-28,B08WGTL4CW,rtx3060
21-03-28,B08WGTL4CW,rtx3060
21-03-28,B08WGTL4CW,rtx3060
21-03-28,B08WGTL4CW,rtx3060
21-03-28,B08WGTL4CW,rtx3060
21-03-28,B08WGTL4CW,rtx3060
21-03-28,B08WGTL4CW,rtx3060
21-03-28,B08WGTL4CW,rtx3060
21-03-28,B08WGTL4CW,rtx3060
21-03-31,B08WGTL4CW,rtx3060
21-04-01,B08WHJPBFX,rtx3060
21-04-02,B08X4V8N5Q,rtx3060
21-04-02,B08X4V8N5Q,rtx3060
21-04-02,B08X4V8N5Q,rtx3060
21-04-03,B08WHJPBFX,rtx3060
21-04-04,B08WGTL4CW,rtx3060
21-04-05,B08WGTL4CW,rtx3060
21-04-05,B08WGTL4CW,rtx3060
21-04-05,B08WGTL4CW,rtx3060
21-04-05,B08WGTL4CW,rtx3060
21-04-05,B08WHJPBFX,rtx3060
21-04-05,B08WGTL4CW,rtx3060
21-04-05,B08WHJPBFX,rtx3060
21-04-05,B08WHJPBFX,rtx3060
21-04-05,B08WGTL4CW,rtx3060
21-04-05,B08WHJPBFX,rtx3060
21-04-06,B08WGTL4CW,rtx3060
21-04-08,B08WHJPBFX,rtx3060
21-04-08,B08W8DGK3X,rtx3060
21-04-08,B08W8DGK3X,rtx3060
21-04-08,B08WHJPBFX,rtx3060
21-04-10,B08W8DGK3X,rtx3060
21-04-11,B08WPJ5P4R,rtx3060
21-04-11,B08WPJ5P4R,rtx3060
21-04-11,B08W8DGK3X,rtx3060
21-04-11,B08WGTL4CW,rtx3060
21-04-12,B08W8DGK3X,rtx3060
21-04-12,B08W8DGK3X,rtx3060
21-04-12,B08W8DGK3X,rtx3060
21-04-12,B08W8DGK3X,rtx3060
21-04-12,B08W8DGK3X,rtx3060
21-04-12,B08W8DGK3X,rtx3060
21-04-13,B08WHJPBFX,rtx3060
21-04-13,B08WHJPBFX,rtx3060
21-04-13,B08WPJ5P4R,rtx3060
21-04-13,B08WPJ5P4R,rtx3060
21-04-13,B08WPJ5P4R,rtx3060
21-04-13,B08WM28PVH,rtx3060
21-04-13,B08WM28PVH,rtx3060
21-04-13,B08WM28PVH,rtx3060
21-04-13,B08WPRMVWB,rtx3060
21-04-13,B08WPRMVWB,rtx3060
21-04-13,B08WPRMVWB,rtx3060
21-04-14,B08WT47L8B,rtx3060
21-04-14,B08WT47L8B,rtx3060
21-04-14,B08WT47L8B,rtx3060
21-04-15,B08X4VJ6SB,rtx3060
21-04-15,B08X4VJ6SB,rtx3060
21-04-15,B08X4VJ6SB,rtx3060
21-04-15,B08X4V8N5Q,rtx3060
21-04-15,B08X4V8N5Q,rtx3060
21-04-15,B08X4V8N5Q,rtx3060
21-04-15,B08W8DGK3X,rtx3060
21-04-15,B08W8DGK3X,rtx3060
21-04-15,B08WM28PVH,rtx3060
21-04-15,B08WM28PVH,rtx3060
21-04-15,B08WM28PVH,rtx3060
21-04-15,B08WM28PVH,rtx3060
21-04-15,B08WM28PVH,rtx3060
21-04-15,B08WHJPBFX,rtx3060
21-04-15,B08WHJPBFX,rtx3060
21-04-15,B08WHJPBFX,rtx3060
21-04-15,B08W8DGK3X,rtx3060
21-04-15,B08W8DGK3X,rtx3060
21-04-15,B08W8DGK3X,rtx3060
21-04-15,B08WM28PVH,rtx3060
21-04-15,B08WM28PVH,rtx3060
21-04-15,B08WPRMVWB,rtx3060
21-04-15,B08WPRMVWB,rtx3060
21-04-15,B08W8DGK3X,rtx3060
21-04-15,B08W8DGK3X,rtx3060
21-04-15,B08X4V8N5Q,rtx3060
21-04-15,B08X4V8N5Q,rtx3060
21-04-15,B08X4V8N5Q,rtx3060
21-04-15,B08W8DGK3X,rtx3060
21-04-15,B08W8DGK3X,rtx3060
21-04-15,B08X4V8N5Q,rtx3060
21-04-15,B08X4V8N5Q,rtx3060
21-04-15,B08X4V8N5Q,rtx3060
21-04-15,B08WM28PVH,rtx3060
21-04-15,B08WM28PVH,rtx3060
21-04-15,B08W8DGK3X,rtx3060
21-04-15,B08W8DGK3X,rtx3060
21-04-16,B08WM28PVH,rtx3060
21-04-16,B08WM28PVH,rtx3060
21-04-16,B08WHJPBFX,rtx3060
21-04-16,B08WHJPBFX,rtx3060
21-04-16,B08X4V8N5Q,rtx3060
21-04-16,B08WHJPBFX,rtx3060
21-04-16,B08X4V8N5Q,rtx3060
21-04-16,B08X4V8N5Q,rtx3060
21-04-16,B08X4V8N5Q,rtx3060
21-04-16,B08X4VJ6SB,rtx3060
21-04-16,B08X4VJ6SB,rtx3060
21-04-16,B08WM28PVH,rtx3060
21-04-16,B08WM28PVH,rtx3060
21-04-17,B08X4V8N5Q,rtx3060
21-04-17,B08X4V8N5Q,rtx3060
21-04-17,B08X4V8N5Q,rtx3060
21-04-17,B08X4V8N5Q,rtx3060
21-04-17,B08X4V8N5Q,rtx3060
21-04-17,B08W8DGK3X,rtx3060
21-04-17,B08W8DGK3X,rtx3060
21-04-17,B08W8DGK3X,rtx3060
21-04-17,B08WPJ5P4R,rtx3060
21-04-17,B08WPJ5P4R,rtx3060
21-04-17,B08WPJ5P4R,rtx3060
21-04-17,B08WPJ5P4R,rtx3060
21-04-17,B08WM28PVH,rtx3060
21-04-18,B08WM28PVH,rtx3060
21-04-18,B08WM28PVH,rtx3060
21-04-19,B08WM28PVH,rtx3060
21-04-19,B08WM28PVH,rtx3060
21-04-19,B08WM28PVH,rtx3060
21-04-19,B08WM28PVH,rtx3060
21-04-20,B08WGTL4CW,rtx3060
21-04-20,B08WGTL4CW,rtx3060
21-04-20,B08WGTL4CW,rtx3060
21-04-20,B08X4V8N5Q,rtx3060
21-04-20,B08X4V8N5Q,rtx3060
21-04-21,B08X4V8N5Q,rtx3060
21-04-21,B08X4V8N5Q,rtx3060
21-04-21,B08X4V8N5Q,rtx3060
21-04-21,B08X4V8N5Q,rtx3060
21-04-23,B08WM28PVH,rtx3060
21-04-23,B08WM28PVH,rtx3060
21-04-23,B08WM28PVH,rtx3060
21-04-23,B08WM28PVH,rtx3060
21-04-25,B08WM28PVH,rtx3060
21-04-26,B08WM28PVH,rtx3060
21-04-26,B08WM28PVH,rtx3060
21-04-27,B08WM28PVH,rtx3060
21-04-28,B08WM28PVH,rtx3060
21-04-30,B08WM28PVH,rtx3060
21-05-01,B08WM28PVH,rtx3060
21-05-03,B08WM28PVH,rtx3060
21-05-03,B08WM28PVH,rtx3060
21-05-03,B08WM28PVH,rtx3060
21-05-03,B08WM28PVH,rtx3060
21-05-03,B08WM28PVH,rtx3060
21-05-03,B08WM28PVH,rtx3060
21-05-03,B08WM28PVH,rtx3060
21-05-03,B08WM28PVH,rtx3060
21-05-03,B08WM28PVH,rtx3060
21-05-03,B08WM28PVH,rtx3060
21-05-03,B08WM28PVH,rtx3060
21-05-03,B08WM28PVH,rtx3060
21-05-03,B08WM28PVH,rtx3060
21-05-03,B08WM28PVH,rtx3060
21-05-03,B08WM28PVH,rtx3060
21-05-03,B08WM28PVH,rtx3060
21-05-03,B08WM28PVH,rtx3060
21-05-03,B08WM28PVH,rtx3060
21-05-03,B08WM28PVH,rtx3060
21-05-03,B08WM28PVH,rtx3060
21-05-03,B08WM28PVH,rtx3060
21-05-03,B08WM28PVH,rtx3060
21-05-03,B08WM28PVH,rtx3060
21-05-03,B08WM28PVH,rtx3060
21-05-03,B08WM28PVH,rtx3060
21-05-03,B08WM28PVH,rtx3060
21-05-03,B08WM28PVH,rtx3060
21-05-03,B08WM28PVH,rtx3060
21-05-03,B08WM28PVH,rtx3060
21-05-03,B08WM28PVH,rtx3060
21-05-03,B08WM28PVH,rtx3060
21-05-03,B08WM28PVH,rtx3060
21-05-03,B08WM28PVH,rtx3060
21-05-05,B08X4V8N5Q,rtx3060
21-05-06,B08WHJPBFX,rtx3060
21-05-06,B08WHJPBFX,rtx3060
21-05-06,B08WHJPBFX,rtx3060
21-05-06,B08WHJPBFX,rtx3060
21-05-07,B08WHJPBFX,rtx3060
21-05-07,B08WHJPBFX,rtx3060
21-05-11,B08WHJPBFX,rtx3060
21-05-11,B08WHJPBFX,rtx3060
21-05-11,B08WHJPBFX,rtx3060
21-05-11,B08W8DGK3X,rtx3060
21-05-11,B08W8DGK3X,rtx3060
21-05-11,B08W8DGK3X,rtx3060
21-05-11,B08W8DGK3X,rtx3060
21-05-11,B08W8DGK3X,rtx3060
21-05-11,B08W8DGK3X,rtx3060
21-05-11,B08W8DGK3X,rtx3060
21-05-11,B08W8DGK3X,rtx3060
21-05-11,B08WGTL4CW,rtx3060
21-05-11,B08WGTL4CW,rtx3060
21-05-11,B08WGTL4CW,rtx3060
21-05-15,B08WM28PVH,rtx3060
21-05-16,B08WHJPBFX,rtx3060
21-05-19,B08WM28PVH,rtx3060
21-05-19,B08WM28PVH,rtx3060
21-05-19,B08WM28PVH,rtx3060
21-05-19,B08WM28PVH,rtx3060
21-05-19,B08WM28PVH,rtx3060
21-05-19,B08WM28PVH,rtx3060
21-05-19,B08WM28PVH,rtx3060
21-05-19,B08WM28PVH,rtx3060
21-05-19,B08WM28PVH,rtx3060
21-05-19,B08WM28PVH,rtx3060
21-05-19,B08WM28PVH,rtx3060
21-05-19,B08WM28PVH,rtx3060
21-05-19,B08WM28PVH,rtx3060
21-05-19,B08WM28PVH,rtx3060
21-05-19,B08WM28PVH,rtx3060
21-05-19,B08WM28PVH,rtx3060
21-05-19,B08WM28PVH,rtx3060
21-05-19,B08X4V8N5Q,rtx3060
21-05-20,B08WHJPBFX,rtx3060
21-05-20,B08WM28PVH,rtx3060
21-05-20,B08WM28PVH,rtx3060
21-05-22,B08WM28PVH,rtx3060
21-05-23,B08WM28PVH,rtx3060
21-05-24,B08WM28PVH,rtx3060
21-05-24,B08WM28PVH,rtx3060
21-05-24,B08WHJPBFX,rtx3060
21-05-25,B08WM28PVH,rtx3060
21-05-26,B08WGTL4CW,rtx3060
21-05-26,B08WGTL4CW,rtx3060
21-05-26,B08WGTL4CW,rtx3060
21-05-26,B08WGTL4CW,rtx3060
21-05-26,B08WGTL4CW,rtx3060
21-05-26,B08WGTL4CW,rtx3060
21-05-26,B08WGTL4CW,rtx3060
21-05-26,B08WGTL4CW,rtx3060
21-05-26,B08WGTL4CW,rtx3060
21-05-26,B08WGTL4CW,rtx3060
21-05-26,B08WGTL4CW,rtx3060
21-05-26,B08WGTL4CW,rtx3060
21-05-26,B08WGTL4CW,rtx3060
21-05-26,B08WGTL4CW,rtx3060
21-05-26,B08WGTL4CW,rtx3060
21-05-26,B08WGTL4CW,rtx3060
21-05-26,B08WGTL4CW,rtx3060
21-05-26,B08WGTL4CW,rtx3060
21-05-26,B08WGTL4CW,rtx3060
21-05-26,B08WGTL4CW,rtx3060
21-05-26,B08WGTL4CW,rtx3060
21-05-26,B08WGTL4CW,rtx3060
21-05-26,B08WGTL4CW,rtx3060
21-05-26,B08WGTL4CW,rtx3060
21-05-26,B08WGTL4CW,rtx3060
21-05-26,B08WGTL4CW,rtx3060
21-05-26,B08WGTL4CW,rtx3060
21-05-26,B08WGTL4CW,rtx3060
21-05-26,B08WGTL4CW,rtx3060
21-05-26,B08WGTL4CW,rtx3060
21-05-26,B08WGTL4CW,rtx3060
21-05-26,B08WGTL4CW,rtx3060
21-05-26,B08WGTL4CW,rtx3060
21-05-26,B08WGTL4CW,rtx3060
21-05-26,B08WGTL4CW,rtx3060
21-05-26,B08WGTL4CW,rtx3060
21-05-26,B08WGTL4CW,rtx3060
21-05-26,B08WGTL4CW,rtx3060
21-05-26,B08WGTL4CW,rtx3060
21-05-26,B08WGTL4CW,rtx3060
21-05-26,B08WGTL4CW,rtx3060
21-05-26,B08WGTL4CW,rtx3060
21-05-26,B08WGTL4CW,rtx3060
21-05-26,B08WGTL4CW,rtx3060
21-05-26,B08WGTL4CW,rtx3060
21-05-26,B08WGTL4CW,rtx3060
21-05-26,B08WGTL4CW,rtx3060
21-05-26,B08WGTL4CW,rtx3060
21-05-26,B08WGTL4CW,rtx3060
21-05-26,B08WGTL4CW,rtx3060
21-05-26,B08WGTL4CW,rtx3060
21-05-26,B08WGTL4CW,rtx3060
21-05-26,B08WGTL4CW,rtx3060
21-05-26,B08WGTL4CW,rtx3060
21-05-26,B08WGTL4CW,rtx3060
21-05-26,B08WGTL4CW,rtx3060
21-05-26,B08WGTL4CW,rtx3060
21-05-26,B08WGTL4CW,rtx3060
21-05-26,B08WGTL4CW,rtx3060
21-05-26,B08WGTL4CW,rtx3060
21-05-26,B08WGTL4CW,rtx3060
21-05-26,B08WGTL4CW,rtx3060
21-05-26,B08WGTL4CW,rtx3060
21-05-26,B08WGTL4CW,rtx3060
21-05-26,B08WGTL4CW,rtx3060
21-05-26,B08WHJPBFX,rtx3060
21-05-26,B08WHJPBFX,rtx3060
21-05-26,B08WHJPBFX,rtx3060
21-05-26,B08WHJPBFX,rtx3060
21-05-26,B08WHJPBFX,rtx3060
21-05-26,B08WHJPBFX,rtx3060
21-05-26,B08WHJPBFX,rtx3060
21-05-26,B08WHJPBFX,rtx3060
21-05-26,B08WHJPBFX,rtx3060
21-05-26,B08WHJPBFX,rtx3060
21-05-26,B08WHJPBFX,rtx3060
21-05-26,B08WHJPBFX,rtx3060
21-05-26,B08WHJPBFX,rtx3060
21-05-26,B08WHJPBFX,rtx3060
21-05-26,B08WHJPBFX,rtx3060
21-05-26,B08WHJPBFX,rtx3060
21-05-26,B08WGTL4CW,rtx3060
21-05-27,B08W8DGK3X,rtx3060
21-05-28,B08WPJ5P4R,rtx3060
21-05-28,B08WM28PVH,rtx3060
21-05-28,B08WPRMVWB,rtx3060
21-05-28,B08WM28PVH,rtx3060
21-05-28,B08WPRMVWB,rtx3060
21-05-28,B08WGTL4CW,rtx3060
21-05-28,B08WPRMVWB,rtx3060
21-05-28,B08WHJPBFX,rtx3060
21-05-28,B08WGTL4CW,rtx3060
21-05-29,B08WGTL4CW,rtx3060
21-05-29,B08WGTL4CW,rtx3060
21-05-29,B08WPRMVWB,rtx3060
21-06-01,B08W8DGK3X,rtx3060
21-06-01,B08W8DGK3X,rtx3060
21-06-01,B08WM28PVH,rtx3060
21-06-08,B08WGTL4CW,rtx3060
21-06-08,B08WGTL4CW,rtx3060
21-06-09,B08W8DGK3X,rtx3060
21-06-09,B08W8DGK3X,rtx3060
21-06-09,B08W8DGK3X,rtx3060
21-06-09,B08W8DGK3X,rtx3060
21-06-09,B08W8DGK3X,rtx3060
21-06-09,B08W8DGK3X,rtx3060
21-06-10,B08WHJPBFX,rtx3060
21-06-10,B08W8DGK3X,rtx3060
21-06-10,B08WHJPBFX,rtx3060
21-06-11,B08W8DGK3X,rtx3060
21-06-11,B08W8DGK3X,rtx3060
21-06-12,B08W8DGK3X,rtx3060
21-06-12,B08W8DGK3X,rtx3060
21-06-12,B08WGTL4CW,rtx3060
21-06-14,B08W8DGK3X,rtx3060
21-06-25,B08WGTL4CW,rtx3060
21-06-25,B08W8DGK3X,rtx3060
21-06-29,B08WGTL4CW,rtx3060
21-07-01,B08WGTL4CW,rtx3060
21-07-01,B08WGTL4CW,rtx3060
21-07-05,B08W8DGK3X,rtx3060
21-07-05,B08W8DGK3X,rtx3060
